{
    "kind": "Listing",
    "data": {
        "modhash": "",
        "children": [
            {
                "kind": "t3",
                "data": {
                    "domain": "self.Showerthoughts",
                    "approved_at_utc": null,
                    "banned_by": null,
                    "media_embed": {},
                    "thumbnail_width": null,
                    "subreddit": "Showerthoughts",
                    "selftext_html": null,
                    "selftext": "",
                    "likes": null,
                    "suggested_sort": null,
                    "user_reports": [],
                    "secure_media": null,
                    "link_flair_text": null,
                    "id": "6yl9bj",
                    "banned_at_utc": null,
                    "view_count": null,
                    "archived": false,
                    "clicked": false,
                    "report_reasons": null,
                    "title": "Ravioli look like pregnant post stamps",
                    "num_crossposts": 0,
                    "saved": false,
                    "mod_reports": [],
                    "can_mod_post": false,
                    "is_crosspostable": false,
                    "score": 1478,
                    "approved_by": null,
                    "over_18": false,
                    "hidden": false,
                    "thumbnail": "self",
                    "subreddit_id": "t5_2szyo",
                    "edited": false,
                    "link_flair_css_class": null,
                    "author_flair_css_class": null,
                    "contest_mode": false,
                    "gilded": 0,
                    "downs": 0,
                    "brand_safe": true,
                    "secure_media_embed": {},
                    "removal_reason": null,
                    "author_flair_text": null,
                    "stickied": false,
                    "can_gild": false,
                    "thumbnail_height": null,
                    "parent_whitelist_status": "all_ads",
                    "name": "t3_6yl9bj",
                    "spoiler": false,
                    "permalink": "/r/Showerthoughts/comments/6yl9bj/ravioli_look_like_pregnant_post_stamps/",
                    "subreddit_type": "public",
                    "locked": false,
                    "hide_score": false,
                    "created": 1504790900.0,
                    "url": "https://www.reddit.com/r/Showerthoughts/comments/6yl9bj/ravioli_look_like_pregnant_post_stamps/",
                    "whitelist_status": "all_ads",
                    "quarantine": false,
                    "author": "ImbaD",
                    "created_utc": 1504762100.0,
                    "subreddit_name_prefixed": "r/Showerthoughts",
                    "ups": 1478,
                    "media": null,
                    "num_comments": 58,
                    "is_self": true,
                    "visited": false,
                    "num_reports": null,
                    "is_video": false,
                    "distinguished": null
                }
            },
            {
                "kind": "t3",
                "data": {
                    "domain": "self.Showerthoughts",
                    "approved_at_utc": null,
                    "banned_by": null,
                    "media_embed": {},
                    "thumbnail_width": null,
                    "subreddit": "Showerthoughts",
                    "selftext_html": null,
                    "selftext": "",
                    "likes": null,
                    "suggested_sort": null,
                    "user_reports": [],
                    "secure_media": null,
                    "link_flair_text": null,
                    "id": "6ymgxo",
                    "banned_at_utc": null,
                    "view_count": null,
                    "archived": false,
                    "clicked": false,
                    "report_reasons": null,
                    "title": "Taking a picture of an NES game creates a bigger file than the one used to hold the entire game itself",
                    "num_crossposts": 0,
                    "saved": false,
                    "mod_reports": [],
                    "can_mod_post": false,
                    "is_crosspostable": false,
                    "score": 245,
                    "approved_by": null,
                    "over_18": false,
                    "hidden": false,
                    "thumbnail": "self",
                    "subreddit_id": "t5_2szyo",
                    "edited": false,
                    "link_flair_css_class": null,
                    "author_flair_css_class": null,
                    "contest_mode": false,
                    "gilded": 0,
                    "downs": 0,
                    "brand_safe": true,
                    "secure_media_embed": {},
                    "removal_reason": null,
                    "author_flair_text": null,
                    "stickied": false,
                    "can_gild": false,
                    "thumbnail_height": null,
                    "parent_whitelist_status": "all_ads",
                    "name": "t3_6ymgxo",
                    "spoiler": false,
                    "permalink": "/r/Showerthoughts/comments/6ymgxo/taking_a_picture_of_an_nes_game_creates_a_bigger/",
                    "subreddit_type": "public",
                    "locked": false,
                    "hide_score": false,
                    "created": 1504810754.0,
                    "url": "https://www.reddit.com/r/Showerthoughts/comments/6ymgxo/taking_a_picture_of_an_nes_game_creates_a_bigger/",
                    "whitelist_status": "all_ads",
                    "quarantine": false,
                    "author": "YoBGS",
                    "created_utc": 1504781954.0,
                    "subreddit_name_prefixed": "r/Showerthoughts",
                    "ups": 245,
                    "media": null,
                    "num_comments": 7,
                    "is_self": true,
                    "visited": false,
                    "num_reports": null,
                    "is_video": false,
                    "distinguished": null
                }
            },
            {
                "kind": "t3",
                "data": {
                    "domain": "self.Showerthoughts",
                    "approved_at_utc": null,
                    "banned_by": null,
                    "media_embed": {},
                    "thumbnail_width": null,
                    "subreddit": "Showerthoughts",
                    "selftext_html": null,
                    "selftext": "",
                    "likes": null,
                    "suggested_sort": null,
                    "user_reports": [],
                    "secure_media": null,
                    "link_flair_text": null,
                    "id": "6yo2gw",
                    "banned_at_utc": null,
                    "view_count": null,
                    "archived": false,
                    "clicked": false,
                    "report_reasons": null,
                    "title": "My inner child has not yet ruled out \"Starfleet Captain\" as a career goal.",
                    "num_crossposts": 0,
                    "saved": false,
                    "mod_reports": [],
                    "can_mod_post": false,
                    "is_crosspostable": false,
                    "score": 64,
                    "approved_by": null,
                    "over_18": false,
                    "hidden": false,
                    "thumbnail": "self",
                    "subreddit_id": "t5_2szyo",
                    "edited": false,
                    "link_flair_css_class": null,
                    "author_flair_css_class": null,
                    "contest_mode": false,
                    "gilded": 0,
                    "downs": 0,
                    "brand_safe": true,
                    "secure_media_embed": {},
                    "removal_reason": null,
                    "author_flair_text": null,
                    "stickied": false,
                    "can_gild": false,
                    "thumbnail_height": null,
                    "parent_whitelist_status": "all_ads",
                    "name": "t3_6yo2gw",
                    "spoiler": false,
                    "permalink": "/r/Showerthoughts/comments/6yo2gw/my_inner_child_has_not_yet_ruled_out_starfleet/",
                    "subreddit_type": "public",
                    "locked": false,
                    "hide_score": false,
                    "created": 1504828275.0,
                    "url": "https://www.reddit.com/r/Showerthoughts/comments/6yo2gw/my_inner_child_has_not_yet_ruled_out_starfleet/",
                    "whitelist_status": "all_ads",
                    "quarantine": false,
                    "author": "matthewsmazes",
                    "created_utc": 1504799475.0,
                    "subreddit_name_prefixed": "r/Showerthoughts",
                    "ups": 64,
                    "media": null,
                    "num_comments": 8,
                    "is_self": true,
                    "visited": false,
                    "num_reports": null,
                    "is_video": false,
                    "distinguished": null
                }
            },
            {
                "kind": "t3",
                "data": {
                    "domain": "self.Showerthoughts",
                    "approved_at_utc": null,
                    "banned_by": null,
                    "media_embed": {},
                    "thumbnail_width": null,
                    "subreddit": "Showerthoughts",
                    "selftext_html": null,
                    "selftext": "",
                    "likes": null,
                    "suggested_sort": null,
                    "user_reports": [],
                    "secure_media": null,
                    "link_flair_text": null,
                    "id": "6ynbui",
                    "banned_at_utc": null,
                    "view_count": null,
                    "archived": false,
                    "clicked": false,
                    "report_reasons": null,
                    "title": "\"A species once thought to be extinct\" is a handy way of saying \"we miscounted\".",
                    "num_crossposts": 0,
                    "saved": false,
                    "mod_reports": [],
                    "can_mod_post": false,
                    "is_crosspostable": false,
                    "score": 76,
                    "approved_by": null,
                    "over_18": false,
                    "hidden": false,
                    "thumbnail": "self",
                    "subreddit_id": "t5_2szyo",
                    "edited": false,
                    "link_flair_css_class": null,
                    "author_flair_css_class": null,
                    "contest_mode": false,
                    "gilded": 0,
                    "downs": 0,
                    "brand_safe": true,
                    "secure_media_embed": {},
                    "removal_reason": null,
                    "author_flair_text": null,
                    "stickied": false,
                    "can_gild": false,
                    "thumbnail_height": null,
                    "parent_whitelist_status": "all_ads",
                    "name": "t3_6ynbui",
                    "spoiler": false,
                    "permalink": "/r/Showerthoughts/comments/6ynbui/a_species_once_thought_to_be_extinct_is_a_handy/",
                    "subreddit_type": "public",
                    "locked": false,
                    "hide_score": false,
                    "created": 1504821108.0,
                    "url": "https://www.reddit.com/r/Showerthoughts/comments/6ynbui/a_species_once_thought_to_be_extinct_is_a_handy/",
                    "whitelist_status": "all_ads",
                    "quarantine": false,
                    "author": "regnad__kcin",
                    "created_utc": 1504792308.0,
                    "subreddit_name_prefixed": "r/Showerthoughts",
                    "ups": 76,
                    "media": null,
                    "num_comments": 9,
                    "is_self": true,
                    "visited": false,
                    "num_reports": null,
                    "is_video": false,
                    "distinguished": null
                }
            },
            {
                "kind": "t3",
                "data": {
                    "domain": "self.Showerthoughts",
                    "approved_at_utc": null,
                    "banned_by": null,
                    "media_embed": {},
                    "thumbnail_width": null,
                    "subreddit": "Showerthoughts",
                    "selftext_html": null,
                    "selftext": "",
                    "likes": null,
                    "suggested_sort": null,
                    "user_reports": [],
                    "secure_media": null,
                    "link_flair_text": null,
                    "id": "6yi3li",
                    "banned_at_utc": null,
                    "view_count": null,
                    "archived": false,
                    "clicked": false,
                    "report_reasons": null,
                    "title": "It's more of a pain in the ass to hold an empty water bottle than to hold one that's filled.",
                    "num_crossposts": 0,
                    "saved": false,
                    "mod_reports": [],
                    "can_mod_post": false,
                    "is_crosspostable": false,
                    "score": 1663,
                    "approved_by": null,
                    "over_18": false,
                    "hidden": false,
                    "thumbnail": "self",
                    "subreddit_id": "t5_2szyo",
                    "edited": false,
                    "link_flair_css_class": null,
                    "author_flair_css_class": null,
                    "contest_mode": false,
                    "gilded": 0,
                    "downs": 0,
                    "brand_safe": true,
                    "secure_media_embed": {},
                    "removal_reason": null,
                    "author_flair_text": null,
                    "stickied": false,
                    "can_gild": false,
                    "thumbnail_height": null,
                    "parent_whitelist_status": "all_ads",
                    "name": "t3_6yi3li",
                    "spoiler": false,
                    "permalink": "/r/Showerthoughts/comments/6yi3li/its_more_of_a_pain_in_the_ass_to_hold_an_empty/",
                    "subreddit_type": "public",
                    "locked": false,
                    "hide_score": false,
                    "created": 1504756809.0,
                    "url": "https://www.reddit.com/r/Showerthoughts/comments/6yi3li/its_more_of_a_pain_in_the_ass_to_hold_an_empty/",
                    "whitelist_status": "all_ads",
                    "quarantine": false,
                    "author": "OMA_",
                    "created_utc": 1504728009.0,
                    "subreddit_name_prefixed": "r/Showerthoughts",
                    "ups": 1663,
                    "media": null,
                    "num_comments": 61,
                    "is_self": true,
                    "visited": false,
                    "num_reports": null,
                    "is_video": false,
                    "distinguished": null
                }
            },
            {
                "kind": "t3",
                "data": {
                    "domain": "self.Showerthoughts",
                    "approved_at_utc": null,
                    "banned_by": null,
                    "media_embed": {},
                    "thumbnail_width": null,
                    "subreddit": "Showerthoughts",
                    "selftext_html": null,
                    "selftext": "",
                    "likes": null,
                    "suggested_sort": null,
                    "user_reports": [],
                    "secure_media": null,
                    "link_flair_text": null,
                    "id": "6ynyzz",
                    "banned_at_utc": null,
                    "view_count": null,
                    "archived": false,
                    "clicked": false,
                    "report_reasons": null,
                    "title": "We all laugh at Sheldon Cooper for obsessing over \"his seat,\" but I get annoyed when someone takes my unassigned seat in a lecture hall or classroom.",
                    "num_crossposts": 0,
                    "saved": false,
                    "mod_reports": [],
                    "can_mod_post": false,
                    "is_crosspostable": false,
                    "score": 40,
                    "approved_by": null,
                    "over_18": false,
                    "hidden": false,
                    "thumbnail": "self",
                    "subreddit_id": "t5_2szyo",
                    "edited": false,
                    "link_flair_css_class": null,
                    "author_flair_css_class": null,
                    "contest_mode": false,
                    "gilded": 0,
                    "downs": 0,
                    "brand_safe": true,
                    "secure_media_embed": {},
                    "removal_reason": null,
                    "author_flair_text": null,
                    "stickied": false,
                    "can_gild": false,
                    "thumbnail_height": null,
                    "parent_whitelist_status": "all_ads",
                    "name": "t3_6ynyzz",
                    "spoiler": false,
                    "permalink": "/r/Showerthoughts/comments/6ynyzz/we_all_laugh_at_sheldon_cooper_for_obsessing_over/",
                    "subreddit_type": "public",
                    "locked": false,
                    "hide_score": false,
                    "created": 1504827377.0,
                    "url": "https://www.reddit.com/r/Showerthoughts/comments/6ynyzz/we_all_laugh_at_sheldon_cooper_for_obsessing_over/",
                    "whitelist_status": "all_ads",
                    "quarantine": false,
                    "author": "BoulderizCrAzY",
                    "created_utc": 1504798577.0,
                    "subreddit_name_prefixed": "r/Showerthoughts",
                    "ups": 40,
                    "media": null,
                    "num_comments": 10,
                    "is_self": true,
                    "visited": false,
                    "num_reports": null,
                    "is_video": false,
                    "distinguished": null
                }
            },
            {
                "kind": "t3",
                "data": {
                    "domain": "self.Showerthoughts",
                    "approved_at_utc": null,
                    "banned_by": null,
                    "media_embed": {},
                    "thumbnail_width": null,
                    "subreddit": "Showerthoughts",
                    "selftext_html": null,
                    "selftext": "",
                    "likes": null,
                    "suggested_sort": null,
                    "user_reports": [],
                    "secure_media": null,
                    "link_flair_text": null,
                    "id": "6yni8a",
                    "banned_at_utc": null,
                    "view_count": null,
                    "archived": false,
                    "clicked": false,
                    "report_reasons": null,
                    "title": "They should start naming hurricanes after notable climate change deniers",
                    "num_crossposts": 0,
                    "saved": false,
                    "mod_reports": [],
                    "can_mod_post": false,
                    "is_crosspostable": false,
                    "score": 45,
                    "approved_by": null,
                    "over_18": false,
                    "hidden": false,
                    "thumbnail": "self",
                    "subreddit_id": "t5_2szyo",
                    "edited": false,
                    "link_flair_css_class": null,
                    "author_flair_css_class": null,
                    "contest_mode": false,
                    "gilded": 0,
                    "downs": 0,
                    "brand_safe": true,
                    "secure_media_embed": {},
                    "removal_reason": null,
                    "author_flair_text": null,
                    "stickied": false,
                    "can_gild": false,
                    "thumbnail_height": null,
                    "parent_whitelist_status": "all_ads",
                    "name": "t3_6yni8a",
                    "spoiler": false,
                    "permalink": "/r/Showerthoughts/comments/6yni8a/they_should_start_naming_hurricanes_after_notable/",
                    "subreddit_type": "public",
                    "locked": false,
                    "hide_score": false,
                    "created": 1504822970.0,
                    "url": "https://www.reddit.com/r/Showerthoughts/comments/6yni8a/they_should_start_naming_hurricanes_after_notable/",
                    "whitelist_status": "all_ads",
                    "quarantine": false,
                    "author": "Gravityislikeaids",
                    "created_utc": 1504794170.0,
                    "subreddit_name_prefixed": "r/Showerthoughts",
                    "ups": 45,
                    "media": null,
                    "num_comments": 10,
                    "is_self": true,
                    "visited": false,
                    "num_reports": null,
                    "is_video": false,
                    "distinguished": null
                }
            },
            {
                "kind": "t3",
                "data": {
                    "domain": "self.Showerthoughts",
                    "approved_at_utc": null,
                    "banned_by": null,
                    "media_embed": {},
                    "thumbnail_width": null,
                    "subreddit": "Showerthoughts",
                    "selftext_html": null,
                    "selftext": "",
                    "likes": null,
                    "suggested_sort": null,
                    "user_reports": [],
                    "secure_media": null,
                    "link_flair_text": null,
                    "id": "6yo0em",
                    "banned_at_utc": null,
                    "view_count": null,
                    "archived": false,
                    "clicked": false,
                    "report_reasons": null,
                    "title": "I often wonder how dead authors would react if they somehow came alive and realized their stories or poems were being overanalyzed and possibly taken out of context quite regularly in schools.",
                    "num_crossposts": 0,
                    "saved": false,
                    "mod_reports": [],
                    "can_mod_post": false,
                    "is_crosspostable": false,
                    "score": 27,
                    "approved_by": null,
                    "over_18": false,
                    "hidden": false,
                    "thumbnail": "self",
                    "subreddit_id": "t5_2szyo",
                    "edited": false,
                    "link_flair_css_class": null,
                    "author_flair_css_class": null,
                    "contest_mode": false,
                    "gilded": 0,
                    "downs": 0,
                    "brand_safe": true,
                    "secure_media_embed": {},
                    "removal_reason": null,
                    "author_flair_text": null,
                    "stickied": false,
                    "can_gild": false,
                    "thumbnail_height": null,
                    "parent_whitelist_status": "all_ads",
                    "name": "t3_6yo0em",
                    "spoiler": false,
                    "permalink": "/r/Showerthoughts/comments/6yo0em/i_often_wonder_how_dead_authors_would_react_if/",
                    "subreddit_type": "public",
                    "locked": false,
                    "hide_score": false,
                    "created": 1504827749.0,
                    "url": "https://www.reddit.com/r/Showerthoughts/comments/6yo0em/i_often_wonder_how_dead_authors_would_react_if/",
                    "whitelist_status": "all_ads",
                    "quarantine": false,
                    "author": "frostedmelodies06",
                    "created_utc": 1504798949.0,
                    "subreddit_name_prefixed": "r/Showerthoughts",
                    "ups": 27,
                    "media": null,
                    "num_comments": 6,
                    "is_self": true,
                    "visited": false,
                    "num_reports": null,
                    "is_video": false,
                    "distinguished": null
                }
            },
            {
                "kind": "t3",
                "data": {
                    "domain": "self.Showerthoughts",
                    "approved_at_utc": null,
                    "banned_by": null,
                    "media_embed": {},
                    "thumbnail_width": null,
                    "subreddit": "Showerthoughts",
                    "selftext_html": null,
                    "selftext": "",
                    "likes": null,
                    "suggested_sort": null,
                    "user_reports": [],
                    "secure_media": null,
                    "link_flair_text": null,
                    "id": "6yl2s1",
                    "banned_at_utc": null,
                    "view_count": null,
                    "archived": false,
                    "clicked": false,
                    "report_reasons": null,
                    "title": "Cows walking into a field of grass would be like us coming upon a land made of pasta.",
                    "num_crossposts": 0,
                    "saved": false,
                    "mod_reports": [],
                    "can_mod_post": false,
                    "is_crosspostable": false,
                    "score": 164,
                    "approved_by": null,
                    "over_18": false,
                    "hidden": false,
                    "thumbnail": "self",
                    "subreddit_id": "t5_2szyo",
                    "edited": false,
                    "link_flair_css_class": null,
                    "author_flair_css_class": null,
                    "contest_mode": false,
                    "gilded": 0,
                    "downs": 0,
                    "brand_safe": true,
                    "secure_media_embed": {},
                    "removal_reason": null,
                    "author_flair_text": null,
                    "stickied": false,
                    "can_gild": false,
                    "thumbnail_height": null,
                    "parent_whitelist_status": "all_ads",
                    "name": "t3_6yl2s1",
                    "spoiler": false,
                    "permalink": "/r/Showerthoughts/comments/6yl2s1/cows_walking_into_a_field_of_grass_would_be_like/",
                    "subreddit_type": "public",
                    "locked": false,
                    "hide_score": false,
                    "created": 1504788359.0,
                    "url": "https://www.reddit.com/r/Showerthoughts/comments/6yl2s1/cows_walking_into_a_field_of_grass_would_be_like/",
                    "whitelist_status": "all_ads",
                    "quarantine": false,
                    "author": "chihuahuafarts",
                    "created_utc": 1504759559.0,
                    "subreddit_name_prefixed": "r/Showerthoughts",
                    "ups": 164,
                    "media": null,
                    "num_comments": 24,
                    "is_self": true,
                    "visited": false,
                    "num_reports": null,
                    "is_video": false,
                    "distinguished": null
                }
            },
            {
                "kind": "t3",
                "data": {
                    "domain": "self.Showerthoughts",
                    "approved_at_utc": null,
                    "banned_by": null,
                    "media_embed": {},
                    "thumbnail_width": null,
                    "subreddit": "Showerthoughts",
                    "selftext_html": null,
                    "selftext": "",
                    "likes": null,
                    "suggested_sort": null,
                    "user_reports": [],
                    "secure_media": null,
                    "link_flair_text": null,
                    "id": "6ymtfp",
                    "banned_at_utc": null,
                    "view_count": null,
                    "archived": false,
                    "clicked": false,
                    "report_reasons": null,
                    "title": "The only real spice girl was ginger spice",
                    "num_crossposts": 0,
                    "saved": false,
                    "mod_reports": [],
                    "can_mod_post": false,
                    "is_crosspostable": false,
                    "score": 29,
                    "approved_by": null,
                    "over_18": false,
                    "hidden": false,
                    "thumbnail": "self",
                    "subreddit_id": "t5_2szyo",
                    "edited": false,
                    "link_flair_css_class": null,
                    "author_flair_css_class": null,
                    "contest_mode": false,
                    "gilded": 0,
                    "downs": 0,
                    "brand_safe": true,
                    "secure_media_embed": {},
                    "removal_reason": null,
                    "author_flair_text": null,
                    "stickied": false,
                    "can_gild": false,
                    "thumbnail_height": null,
                    "parent_whitelist_status": "all_ads",
                    "name": "t3_6ymtfp",
                    "spoiler": false,
                    "permalink": "/r/Showerthoughts/comments/6ymtfp/the_only_real_spice_girl_was_ginger_spice/",
                    "subreddit_type": "public",
                    "locked": false,
                    "hide_score": false,
                    "created": 1504815313.0,
                    "url": "https://www.reddit.com/r/Showerthoughts/comments/6ymtfp/the_only_real_spice_girl_was_ginger_spice/",
                    "whitelist_status": "all_ads",
                    "quarantine": false,
                    "author": "Saakster",
                    "created_utc": 1504786513.0,
                    "subreddit_name_prefixed": "r/Showerthoughts",
                    "ups": 29,
                    "media": null,
                    "num_comments": 2,
                    "is_self": true,
                    "visited": false,
                    "num_reports": null,
                    "is_video": false,
                    "distinguished": null
                }
            },
            {
                "kind": "t3",
                "data": {
                    "domain": "self.Showerthoughts",
                    "approved_at_utc": null,
                    "banned_by": null,
                    "media_embed": {},
                    "thumbnail_width": null,
                    "subreddit": "Showerthoughts",
                    "selftext_html": null,
                    "selftext": "",
                    "likes": null,
                    "suggested_sort": null,
                    "user_reports": [],
                    "secure_media": null,
                    "link_flair_text": null,
                    "id": "6yo33l",
                    "banned_at_utc": null,
                    "view_count": null,
                    "archived": false,
                    "clicked": false,
                    "report_reasons": null,
                    "title": "When I have a headache, I wish I didn't have a headache. When I don't have a headache, I don't appreciate not having one.",
                    "num_crossposts": 0,
                    "saved": false,
                    "mod_reports": [],
                    "can_mod_post": false,
                    "is_crosspostable": false,
                    "score": 14,
                    "approved_by": null,
                    "over_18": false,
                    "hidden": false,
                    "thumbnail": "self",
                    "subreddit_id": "t5_2szyo",
                    "edited": false,
                    "link_flair_css_class": null,
                    "author_flair_css_class": null,
                    "contest_mode": false,
                    "gilded": 0,
                    "downs": 0,
                    "brand_safe": true,
                    "secure_media_embed": {},
                    "removal_reason": null,
                    "author_flair_text": null,
                    "stickied": false,
                    "can_gild": false,
                    "thumbnail_height": null,
                    "parent_whitelist_status": "all_ads",
                    "name": "t3_6yo33l",
                    "spoiler": false,
                    "permalink": "/r/Showerthoughts/comments/6yo33l/when_i_have_a_headache_i_wish_i_didnt_have_a/",
                    "subreddit_type": "public",
                    "locked": false,
                    "hide_score": false,
                    "created": 1504828445.0,
                    "url": "https://www.reddit.com/r/Showerthoughts/comments/6yo33l/when_i_have_a_headache_i_wish_i_didnt_have_a/",
                    "whitelist_status": "all_ads",
                    "quarantine": false,
                    "author": "MinusTheBun",
                    "created_utc": 1504799645.0,
                    "subreddit_name_prefixed": "r/Showerthoughts",
                    "ups": 14,
                    "media": null,
                    "num_comments": 8,
                    "is_self": true,
                    "visited": false,
                    "num_reports": null,
                    "is_video": false,
                    "distinguished": null
                }
            },
            {
                "kind": "t3",
                "data": {
                    "domain": "self.Showerthoughts",
                    "approved_at_utc": null,
                    "banned_by": null,
                    "media_embed": {},
                    "thumbnail_width": null,
                    "subreddit": "Showerthoughts",
                    "selftext_html": null,
                    "selftext": "",
                    "likes": null,
                    "suggested_sort": null,
                    "user_reports": [],
                    "secure_media": null,
                    "link_flair_text": null,
                    "id": "6yof5s",
                    "banned_at_utc": null,
                    "view_count": null,
                    "archived": false,
                    "clicked": false,
                    "report_reasons": null,
                    "title": "People who buy 17 cases of water for the hurricane probably sit around after the hurrican wondering what to do with 16 cases of water.",
                    "num_crossposts": 0,
                    "saved": false,
                    "mod_reports": [],
                    "can_mod_post": false,
                    "is_crosspostable": false,
                    "score": 10,
                    "approved_by": null,
                    "over_18": false,
                    "hidden": false,
                    "thumbnail": "self",
                    "subreddit_id": "t5_2szyo",
                    "edited": false,
                    "link_flair_css_class": null,
                    "author_flair_css_class": null,
                    "contest_mode": false,
                    "gilded": 0,
                    "downs": 0,
                    "brand_safe": true,
                    "secure_media_embed": {},
                    "removal_reason": null,
                    "author_flair_text": null,
                    "stickied": false,
                    "can_gild": false,
                    "thumbnail_height": null,
                    "parent_whitelist_status": "all_ads",
                    "name": "t3_6yof5s",
                    "spoiler": false,
                    "permalink": "/r/Showerthoughts/comments/6yof5s/people_who_buy_17_cases_of_water_for_the/",
                    "subreddit_type": "public",
                    "locked": false,
                    "hide_score": true,
                    "created": 1504831506.0,
                    "url": "https://www.reddit.com/r/Showerthoughts/comments/6yof5s/people_who_buy_17_cases_of_water_for_the/",
                    "whitelist_status": "all_ads",
                    "quarantine": false,
                    "author": "ThomasMarkov",
                    "created_utc": 1504802706.0,
                    "subreddit_name_prefixed": "r/Showerthoughts",
                    "ups": 10,
                    "media": null,
                    "num_comments": 4,
                    "is_self": true,
                    "visited": false,
                    "num_reports": null,
                    "is_video": false,
                    "distinguished": null
                }
            },
            {
                "kind": "t3",
                "data": {
                    "domain": "self.Showerthoughts",
                    "approved_at_utc": null,
                    "banned_by": null,
                    "media_embed": {},
                    "thumbnail_width": null,
                    "subreddit": "Showerthoughts",
                    "selftext_html": null,
                    "selftext": "",
                    "likes": null,
                    "suggested_sort": null,
                    "user_reports": [],
                    "secure_media": null,
                    "link_flair_text": null,
                    "id": "6yowf0",
                    "banned_at_utc": null,
                    "view_count": null,
                    "archived": false,
                    "clicked": false,
                    "report_reasons": null,
                    "title": "Fake drawers are just as shitty as fake pant pockets.",
                    "num_crossposts": 0,
                    "saved": false,
                    "mod_reports": [],
                    "can_mod_post": false,
                    "is_crosspostable": false,
                    "score": 8,
                    "approved_by": null,
                    "over_18": false,
                    "hidden": false,
                    "thumbnail": "self",
                    "subreddit_id": "t5_2szyo",
                    "edited": false,
                    "link_flair_css_class": null,
                    "author_flair_css_class": null,
                    "contest_mode": false,
                    "gilded": 0,
                    "downs": 0,
                    "brand_safe": true,
                    "secure_media_embed": {},
                    "removal_reason": null,
                    "author_flair_text": null,
                    "stickied": false,
                    "can_gild": false,
                    "thumbnail_height": null,
                    "parent_whitelist_status": "all_ads",
                    "name": "t3_6yowf0",
                    "spoiler": false,
                    "permalink": "/r/Showerthoughts/comments/6yowf0/fake_drawers_are_just_as_shitty_as_fake_pant/",
                    "subreddit_type": "public",
                    "locked": false,
                    "hide_score": true,
                    "created": 1504835862.0,
                    "url": "https://www.reddit.com/r/Showerthoughts/comments/6yowf0/fake_drawers_are_just_as_shitty_as_fake_pant/",
                    "whitelist_status": "all_ads",
                    "quarantine": false,
                    "author": "Alicenthewhiterabbit",
                    "created_utc": 1504807062.0,
                    "subreddit_name_prefixed": "r/Showerthoughts",
                    "ups": 8,
                    "media": null,
                    "num_comments": 1,
                    "is_self": true,
                    "visited": false,
                    "num_reports": null,
                    "is_video": false,
                    "distinguished": null
                }
            },
            {
                "kind": "t3",
                "data": {
                    "domain": "self.Showerthoughts",
                    "approved_at_utc": null,
                    "banned_by": null,
                    "media_embed": {},
                    "thumbnail_width": null,
                    "subreddit": "Showerthoughts",
                    "selftext_html": null,
                    "selftext": "",
                    "likes": null,
                    "suggested_sort": null,
                    "user_reports": [],
                    "secure_media": null,
                    "link_flair_text": null,
                    "id": "6yo50i",
                    "banned_at_utc": null,
                    "view_count": null,
                    "archived": false,
                    "clicked": false,
                    "report_reasons": null,
                    "title": "The probable reason we wake up in a dream after we die is because our brain has no knowledge on what life is like after death.",
                    "num_crossposts": 0,
                    "saved": false,
                    "mod_reports": [],
                    "can_mod_post": false,
                    "is_crosspostable": false,
                    "score": 11,
                    "approved_by": null,
                    "over_18": false,
                    "hidden": false,
                    "thumbnail": "self",
                    "subreddit_id": "t5_2szyo",
                    "edited": false,
                    "link_flair_css_class": null,
                    "author_flair_css_class": null,
                    "contest_mode": false,
                    "gilded": 0,
                    "downs": 0,
                    "brand_safe": true,
                    "secure_media_embed": {},
                    "removal_reason": null,
                    "author_flair_text": null,
                    "stickied": false,
                    "can_gild": false,
                    "thumbnail_height": null,
                    "parent_whitelist_status": "all_ads",
                    "name": "t3_6yo50i",
                    "spoiler": false,
                    "permalink": "/r/Showerthoughts/comments/6yo50i/the_probable_reason_we_wake_up_in_a_dream_after/",
                    "subreddit_type": "public",
                    "locked": false,
                    "hide_score": false,
                    "created": 1504828907.0,
                    "url": "https://www.reddit.com/r/Showerthoughts/comments/6yo50i/the_probable_reason_we_wake_up_in_a_dream_after/",
                    "whitelist_status": "all_ads",
                    "quarantine": false,
                    "author": "Crowsale000",
                    "created_utc": 1504800107.0,
                    "subreddit_name_prefixed": "r/Showerthoughts",
                    "ups": 11,
                    "media": null,
                    "num_comments": 6,
                    "is_self": true,
                    "visited": false,
                    "num_reports": null,
                    "is_video": false,
                    "distinguished": null
                }
            },
            {
                "kind": "t3",
                "data": {
                    "domain": "self.Showerthoughts",
                    "approved_at_utc": null,
                    "banned_by": null,
                    "media_embed": {},
                    "thumbnail_width": null,
                    "subreddit": "Showerthoughts",
                    "selftext_html": null,
                    "selftext": "",
                    "likes": null,
                    "suggested_sort": null,
                    "user_reports": [],
                    "secure_media": null,
                    "link_flair_text": null,
                    "id": "6yonor",
                    "banned_at_utc": null,
                    "view_count": null,
                    "archived": false,
                    "clicked": false,
                    "report_reasons": null,
                    "title": "If hard work beats talent, would a talented hardworking person always win?",
                    "num_crossposts": 0,
                    "saved": false,
                    "mod_reports": [],
                    "can_mod_post": false,
                    "is_crosspostable": false,
                    "score": 8,
                    "approved_by": null,
                    "over_18": false,
                    "hidden": false,
                    "thumbnail": "self",
                    "subreddit_id": "t5_2szyo",
                    "edited": false,
                    "link_flair_css_class": null,
                    "author_flair_css_class": null,
                    "contest_mode": false,
                    "gilded": 0,
                    "downs": 0,
                    "brand_safe": true,
                    "secure_media_embed": {},
                    "removal_reason": null,
                    "author_flair_text": null,
                    "stickied": false,
                    "can_gild": false,
                    "thumbnail_height": null,
                    "parent_whitelist_status": "all_ads",
                    "name": "t3_6yonor",
                    "spoiler": false,
                    "permalink": "/r/Showerthoughts/comments/6yonor/if_hard_work_beats_talent_would_a_talented/",
                    "subreddit_type": "public",
                    "locked": false,
                    "hide_score": true,
                    "created": 1504833624.0,
                    "url": "https://www.reddit.com/r/Showerthoughts/comments/6yonor/if_hard_work_beats_talent_would_a_talented/",
                    "whitelist_status": "all_ads",
                    "quarantine": false,
                    "author": "joethehoe00",
                    "created_utc": 1504804824.0,
                    "subreddit_name_prefixed": "r/Showerthoughts",
                    "ups": 8,
                    "media": null,
                    "num_comments": 11,
                    "is_self": true,
                    "visited": false,
                    "num_reports": null,
                    "is_video": false,
                    "distinguished": null
                }
            },
            {
                "kind": "t3",
                "data": {
                    "domain": "self.Showerthoughts",
                    "approved_at_utc": null,
                    "banned_by": null,
                    "media_embed": {},
                    "thumbnail_width": null,
                    "subreddit": "Showerthoughts",
                    "selftext_html": null,
                    "selftext": "",
                    "likes": null,
                    "suggested_sort": null,
                    "user_reports": [],
                    "secure_media": null,
                    "link_flair_text": null,
                    "id": "6ynlyq",
                    "banned_at_utc": null,
                    "view_count": null,
                    "archived": false,
                    "clicked": false,
                    "report_reasons": null,
                    "title": "Is Pluto Goofy's slave?",
                    "num_crossposts": 0,
                    "saved": false,
                    "mod_reports": [],
                    "can_mod_post": false,
                    "is_crosspostable": false,
                    "score": 12,
                    "approved_by": null,
                    "over_18": false,
                    "hidden": false,
                    "thumbnail": "self",
                    "subreddit_id": "t5_2szyo",
                    "edited": false,
                    "link_flair_css_class": null,
                    "author_flair_css_class": null,
                    "contest_mode": false,
                    "gilded": 0,
                    "downs": 0,
                    "brand_safe": true,
                    "secure_media_embed": {},
                    "removal_reason": null,
                    "author_flair_text": null,
                    "stickied": false,
                    "can_gild": false,
                    "thumbnail_height": null,
                    "parent_whitelist_status": "all_ads",
                    "name": "t3_6ynlyq",
                    "spoiler": false,
                    "permalink": "/r/Showerthoughts/comments/6ynlyq/is_pluto_goofys_slave/",
                    "subreddit_type": "public",
                    "locked": false,
                    "hide_score": false,
                    "created": 1504823975.0,
                    "url": "https://www.reddit.com/r/Showerthoughts/comments/6ynlyq/is_pluto_goofys_slave/",
                    "whitelist_status": "all_ads",
                    "quarantine": false,
                    "author": "p4g0",
                    "created_utc": 1504795175.0,
                    "subreddit_name_prefixed": "r/Showerthoughts",
                    "ups": 12,
                    "media": null,
                    "num_comments": 5,
                    "is_self": true,
                    "visited": false,
                    "num_reports": null,
                    "is_video": false,
                    "distinguished": null
                }
            },
            {
                "kind": "t3",
                "data": {
                    "domain": "self.Showerthoughts",
                    "approved_at_utc": null,
                    "banned_by": null,
                    "media_embed": {},
                    "thumbnail_width": null,
                    "subreddit": "Showerthoughts",
                    "selftext_html": null,
                    "selftext": "",
                    "likes": null,
                    "suggested_sort": null,
                    "user_reports": [],
                    "secure_media": null,
                    "link_flair_text": null,
                    "id": "6ykhjv",
                    "banned_at_utc": null,
                    "view_count": null,
                    "archived": false,
                    "clicked": false,
                    "report_reasons": null,
                    "title": "Once you start seeing wrinkles on your face from laughing or scowling, you realize that old people were giving legit advice when they told you to stop making that face or it'll get stuck that way.",
                    "num_crossposts": 0,
                    "saved": false,
                    "mod_reports": [],
                    "can_mod_post": false,
                    "is_crosspostable": false,
                    "score": 108,
                    "approved_by": null,
                    "over_18": false,
                    "hidden": false,
                    "thumbnail": "self",
                    "subreddit_id": "t5_2szyo",
                    "edited": false,
                    "link_flair_css_class": null,
                    "author_flair_css_class": null,
                    "contest_mode": false,
                    "gilded": 0,
                    "downs": 0,
                    "brand_safe": true,
                    "secure_media_embed": {},
                    "removal_reason": null,
                    "author_flair_text": null,
                    "stickied": false,
                    "can_gild": false,
                    "thumbnail_height": null,
                    "parent_whitelist_status": "all_ads",
                    "name": "t3_6ykhjv",
                    "spoiler": false,
                    "permalink": "/r/Showerthoughts/comments/6ykhjv/once_you_start_seeing_wrinkles_on_your_face_from/",
                    "subreddit_type": "public",
                    "locked": false,
                    "hide_score": false,
                    "created": 1504781210.0,
                    "url": "https://www.reddit.com/r/Showerthoughts/comments/6ykhjv/once_you_start_seeing_wrinkles_on_your_face_from/",
                    "whitelist_status": "all_ads",
                    "quarantine": false,
                    "author": "itswhatsername",
                    "created_utc": 1504752410.0,
                    "subreddit_name_prefixed": "r/Showerthoughts",
                    "ups": 108,
                    "media": null,
                    "num_comments": 3,
                    "is_self": true,
                    "visited": false,
                    "num_reports": null,
                    "is_video": false,
                    "distinguished": null
                }
            },
            {
                "kind": "t3",
                "data": {
                    "domain": "self.Showerthoughts",
                    "approved_at_utc": null,
                    "banned_by": null,
                    "media_embed": {},
                    "thumbnail_width": null,
                    "subreddit": "Showerthoughts",
                    "selftext_html": null,
                    "selftext": "",
                    "likes": null,
                    "suggested_sort": null,
                    "user_reports": [],
                    "secure_media": null,
                    "link_flair_text": null,
                    "id": "6yo1fp",
                    "banned_at_utc": null,
                    "view_count": null,
                    "archived": false,
                    "clicked": false,
                    "report_reasons": null,
                    "title": "Anime is the only medium I know of that ranges from extremely cute to extremely violent.",
                    "num_crossposts": 0,
                    "saved": false,
                    "mod_reports": [],
                    "can_mod_post": false,
                    "is_crosspostable": false,
                    "score": 9,
                    "approved_by": null,
                    "over_18": false,
                    "hidden": false,
                    "thumbnail": "self",
                    "subreddit_id": "t5_2szyo",
                    "edited": false,
                    "link_flair_css_class": null,
                    "author_flair_css_class": null,
                    "contest_mode": false,
                    "gilded": 0,
                    "downs": 0,
                    "brand_safe": true,
                    "secure_media_embed": {},
                    "removal_reason": null,
                    "author_flair_text": null,
                    "stickied": false,
                    "can_gild": false,
                    "thumbnail_height": null,
                    "parent_whitelist_status": "all_ads",
                    "name": "t3_6yo1fp",
                    "spoiler": false,
                    "permalink": "/r/Showerthoughts/comments/6yo1fp/anime_is_the_only_medium_i_know_of_that_ranges/",
                    "subreddit_type": "public",
                    "locked": false,
                    "hide_score": false,
                    "created": 1504828025.0,
                    "url": "https://www.reddit.com/r/Showerthoughts/comments/6yo1fp/anime_is_the_only_medium_i_know_of_that_ranges/",
                    "whitelist_status": "all_ads",
                    "quarantine": false,
                    "author": "supacar",
                    "created_utc": 1504799225.0,
                    "subreddit_name_prefixed": "r/Showerthoughts",
                    "ups": 9,
                    "media": null,
                    "num_comments": 8,
                    "is_self": true,
                    "visited": false,
                    "num_reports": null,
                    "is_video": false,
                    "distinguished": null
                }
            },
            {
                "kind": "t3",
                "data": {
                    "domain": "self.Showerthoughts",
                    "approved_at_utc": null,
                    "banned_by": null,
                    "media_embed": {},
                    "thumbnail_width": null,
                    "subreddit": "Showerthoughts",
                    "selftext_html": null,
                    "selftext": "",
                    "likes": null,
                    "suggested_sort": null,
                    "user_reports": [],
                    "secure_media": null,
                    "link_flair_text": null,
                    "id": "6yovrp",
                    "banned_at_utc": null,
                    "view_count": null,
                    "archived": false,
                    "clicked": false,
                    "report_reasons": null,
                    "title": "I mildly dislike everybody except for myself. I hate myself.",
                    "num_crossposts": 0,
                    "saved": false,
                    "mod_reports": [],
                    "can_mod_post": false,
                    "is_crosspostable": false,
                    "score": 6,
                    "approved_by": null,
                    "over_18": false,
                    "hidden": false,
                    "thumbnail": "self",
                    "subreddit_id": "t5_2szyo",
                    "edited": false,
                    "link_flair_css_class": null,
                    "author_flair_css_class": null,
                    "contest_mode": false,
                    "gilded": 0,
                    "downs": 0,
                    "brand_safe": true,
                    "secure_media_embed": {},
                    "removal_reason": null,
                    "author_flair_text": null,
                    "stickied": false,
                    "can_gild": false,
                    "thumbnail_height": null,
                    "parent_whitelist_status": "all_ads",
                    "name": "t3_6yovrp",
                    "spoiler": false,
                    "permalink": "/r/Showerthoughts/comments/6yovrp/i_mildly_dislike_everybody_except_for_myself_i/",
                    "subreddit_type": "public",
                    "locked": false,
                    "hide_score": true,
                    "created": 1504835687.0,
                    "url": "https://www.reddit.com/r/Showerthoughts/comments/6yovrp/i_mildly_dislike_everybody_except_for_myself_i/",
                    "whitelist_status": "all_ads",
                    "quarantine": false,
                    "author": "TheJuggernautReturns",
                    "created_utc": 1504806887.0,
                    "subreddit_name_prefixed": "r/Showerthoughts",
                    "ups": 6,
                    "media": null,
                    "num_comments": 2,
                    "is_self": true,
                    "visited": false,
                    "num_reports": null,
                    "is_video": false,
                    "distinguished": null
                }
            },
            {
                "kind": "t3",
                "data": {
                    "domain": "self.Showerthoughts",
                    "approved_at_utc": null,
                    "banned_by": null,
                    "media_embed": {},
                    "thumbnail_width": null,
                    "subreddit": "Showerthoughts",
                    "selftext_html": null,
                    "selftext": "",
                    "likes": null,
                    "suggested_sort": null,
                    "user_reports": [],
                    "secure_media": null,
                    "link_flair_text": null,
                    "id": "6ym6k3",
                    "banned_at_utc": null,
                    "view_count": null,
                    "archived": false,
                    "clicked": false,
                    "report_reasons": null,
                    "title": "Everytime you start a sentence with \"I'll keep this short\" you're making it unnecessarily longer",
                    "num_crossposts": 0,
                    "saved": false,
                    "mod_reports": [],
                    "can_mod_post": false,
                    "is_crosspostable": false,
                    "score": 24,
                    "approved_by": null,
                    "over_18": false,
                    "hidden": false,
                    "thumbnail": "self",
                    "subreddit_id": "t5_2szyo",
                    "edited": false,
                    "link_flair_css_class": null,
                    "author_flair_css_class": null,
                    "contest_mode": false,
                    "gilded": 0,
                    "downs": 0,
                    "brand_safe": true,
                    "secure_media_embed": {},
                    "removal_reason": null,
                    "author_flair_text": null,
                    "stickied": false,
                    "can_gild": false,
                    "thumbnail_height": null,
                    "parent_whitelist_status": "all_ads",
                    "name": "t3_6ym6k3",
                    "spoiler": false,
                    "permalink": "/r/Showerthoughts/comments/6ym6k3/everytime_you_start_a_sentence_with_ill_keep_this/",
                    "subreddit_type": "public",
                    "locked": false,
                    "hide_score": false,
                    "created": 1504806130.0,
                    "url": "https://www.reddit.com/r/Showerthoughts/comments/6ym6k3/everytime_you_start_a_sentence_with_ill_keep_this/",
                    "whitelist_status": "all_ads",
                    "quarantine": false,
                    "author": "pm_me_old_maps",
                    "created_utc": 1504777330.0,
                    "subreddit_name_prefixed": "r/Showerthoughts",
                    "ups": 24,
                    "media": null,
                    "num_comments": 4,
                    "is_self": true,
                    "visited": false,
                    "num_reports": null,
                    "is_video": false,
                    "distinguished": null
                }
            },
            {
                "kind": "t3",
                "data": {
                    "domain": "self.Showerthoughts",
                    "approved_at_utc": null,
                    "banned_by": null,
                    "media_embed": {},
                    "thumbnail_width": null,
                    "subreddit": "Showerthoughts",
                    "selftext_html": null,
                    "selftext": "",
                    "likes": null,
                    "suggested_sort": null,
                    "user_reports": [],
                    "secure_media": null,
                    "link_flair_text": null,
                    "id": "6yml76",
                    "banned_at_utc": null,
                    "view_count": null,
                    "archived": false,
                    "clicked": false,
                    "report_reasons": null,
                    "title": "We don't remember many really embarrassing things that happened to other people, yet we still fear that someone remembers an embarrassing thing we did years ago.",
                    "num_crossposts": 0,
                    "saved": false,
                    "mod_reports": [],
                    "can_mod_post": false,
                    "is_crosspostable": false,
                    "score": 19,
                    "approved_by": null,
                    "over_18": false,
                    "hidden": false,
                    "thumbnail": "self",
                    "subreddit_id": "t5_2szyo",
                    "edited": false,
                    "link_flair_css_class": null,
                    "author_flair_css_class": null,
                    "contest_mode": false,
                    "gilded": 0,
                    "downs": 0,
                    "brand_safe": true,
                    "secure_media_embed": {},
                    "removal_reason": null,
                    "author_flair_text": null,
                    "stickied": false,
                    "can_gild": false,
                    "thumbnail_height": null,
                    "parent_whitelist_status": "all_ads",
                    "name": "t3_6yml76",
                    "spoiler": false,
                    "permalink": "/r/Showerthoughts/comments/6yml76/we_dont_remember_many_really_embarrassing_things/",
                    "subreddit_type": "public",
                    "locked": false,
                    "hide_score": false,
                    "created": 1504812422.0,
                    "url": "https://www.reddit.com/r/Showerthoughts/comments/6yml76/we_dont_remember_many_really_embarrassing_things/",
                    "whitelist_status": "all_ads",
                    "quarantine": false,
                    "author": "bushdiid911",
                    "created_utc": 1504783622.0,
                    "subreddit_name_prefixed": "r/Showerthoughts",
                    "ups": 19,
                    "media": null,
                    "num_comments": 5,
                    "is_self": true,
                    "visited": false,
                    "num_reports": null,
                    "is_video": false,
                    "distinguished": null
                }
            },
            {
                "kind": "t3",
                "data": {
                    "domain": "self.Showerthoughts",
                    "approved_at_utc": null,
                    "banned_by": null,
                    "media_embed": {},
                    "thumbnail_width": null,
                    "subreddit": "Showerthoughts",
                    "selftext_html": null,
                    "selftext": "",
                    "likes": null,
                    "suggested_sort": null,
                    "user_reports": [],
                    "secure_media": null,
                    "link_flair_text": null,
                    "id": "6yoxb3",
                    "banned_at_utc": null,
                    "view_count": null,
                    "archived": false,
                    "clicked": false,
                    "report_reasons": null,
                    "title": "I want my job to be as easy as possible, but look as difficult as possible to people on the outside",
                    "num_crossposts": 0,
                    "saved": false,
                    "mod_reports": [],
                    "can_mod_post": false,
                    "is_crosspostable": false,
                    "score": 5,
                    "approved_by": null,
                    "over_18": false,
                    "hidden": false,
                    "thumbnail": "self",
                    "subreddit_id": "t5_2szyo",
                    "edited": false,
                    "link_flair_css_class": null,
                    "author_flair_css_class": null,
                    "contest_mode": false,
                    "gilded": 0,
                    "downs": 0,
                    "brand_safe": true,
                    "secure_media_embed": {},
                    "removal_reason": null,
                    "author_flair_text": null,
                    "stickied": false,
                    "can_gild": false,
                    "thumbnail_height": null,
                    "parent_whitelist_status": "all_ads",
                    "name": "t3_6yoxb3",
                    "spoiler": false,
                    "permalink": "/r/Showerthoughts/comments/6yoxb3/i_want_my_job_to_be_as_easy_as_possible_but_look/",
                    "subreddit_type": "public",
                    "locked": false,
                    "hide_score": true,
                    "created": 1504836089.0,
                    "url": "https://www.reddit.com/r/Showerthoughts/comments/6yoxb3/i_want_my_job_to_be_as_easy_as_possible_but_look/",
                    "whitelist_status": "all_ads",
                    "quarantine": false,
                    "author": "UsernamesAllGone1",
                    "created_utc": 1504807289.0,
                    "subreddit_name_prefixed": "r/Showerthoughts",
                    "ups": 5,
                    "media": null,
                    "num_comments": 0,
                    "is_self": true,
                    "visited": false,
                    "num_reports": null,
                    "is_video": false,
                    "distinguished": null
                }
            },
            {
                "kind": "t3",
                "data": {
                    "domain": "self.Showerthoughts",
                    "approved_at_utc": null,
                    "banned_by": null,
                    "media_embed": {},
                    "thumbnail_width": null,
                    "subreddit": "Showerthoughts",
                    "selftext_html": null,
                    "selftext": "",
                    "likes": null,
                    "suggested_sort": null,
                    "user_reports": [],
                    "secure_media": null,
                    "link_flair_text": null,
                    "id": "6yodk4",
                    "banned_at_utc": null,
                    "view_count": null,
                    "archived": false,
                    "clicked": false,
                    "report_reasons": null,
                    "title": "A smoke machine could still work even after you break it",
                    "num_crossposts": 0,
                    "saved": false,
                    "mod_reports": [],
                    "can_mod_post": false,
                    "is_crosspostable": false,
                    "score": 7,
                    "approved_by": null,
                    "over_18": false,
                    "hidden": false,
                    "thumbnail": "self",
                    "subreddit_id": "t5_2szyo",
                    "edited": false,
                    "link_flair_css_class": null,
                    "author_flair_css_class": null,
                    "contest_mode": false,
                    "gilded": 0,
                    "downs": 0,
                    "brand_safe": true,
                    "secure_media_embed": {},
                    "removal_reason": null,
                    "author_flair_text": null,
                    "stickied": false,
                    "can_gild": false,
                    "thumbnail_height": null,
                    "parent_whitelist_status": "all_ads",
                    "name": "t3_6yodk4",
                    "spoiler": false,
                    "permalink": "/r/Showerthoughts/comments/6yodk4/a_smoke_machine_could_still_work_even_after_you/",
                    "subreddit_type": "public",
                    "locked": false,
                    "hide_score": true,
                    "created": 1504831083.0,
                    "url": "https://www.reddit.com/r/Showerthoughts/comments/6yodk4/a_smoke_machine_could_still_work_even_after_you/",
                    "whitelist_status": "all_ads",
                    "quarantine": false,
                    "author": "sleeptrouble",
                    "created_utc": 1504802283.0,
                    "subreddit_name_prefixed": "r/Showerthoughts",
                    "ups": 7,
                    "media": null,
                    "num_comments": 1,
                    "is_self": true,
                    "visited": false,
                    "num_reports": null,
                    "is_video": false,
                    "distinguished": null
                }
            },
            {
                "kind": "t3",
                "data": {
                    "domain": "self.Showerthoughts",
                    "approved_at_utc": null,
                    "banned_by": null,
                    "media_embed": {},
                    "thumbnail_width": null,
                    "subreddit": "Showerthoughts",
                    "selftext_html": null,
                    "selftext": "",
                    "likes": null,
                    "suggested_sort": null,
                    "user_reports": [],
                    "secure_media": null,
                    "link_flair_text": null,
                    "id": "6yohwu",
                    "banned_at_utc": null,
                    "view_count": null,
                    "archived": false,
                    "clicked": false,
                    "report_reasons": null,
                    "title": "High quality gifs are like short modern silent films.",
                    "num_crossposts": 0,
                    "saved": false,
                    "mod_reports": [],
                    "can_mod_post": false,
                    "is_crosspostable": false,
                    "score": 4,
                    "approved_by": null,
                    "over_18": false,
                    "hidden": false,
                    "thumbnail": "self",
                    "subreddit_id": "t5_2szyo",
                    "edited": false,
                    "link_flair_css_class": null,
                    "author_flair_css_class": null,
                    "contest_mode": false,
                    "gilded": 0,
                    "downs": 0,
                    "brand_safe": true,
                    "secure_media_embed": {},
                    "removal_reason": null,
                    "author_flair_text": null,
                    "stickied": false,
                    "can_gild": false,
                    "thumbnail_height": null,
                    "parent_whitelist_status": "all_ads",
                    "name": "t3_6yohwu",
                    "spoiler": false,
                    "permalink": "/r/Showerthoughts/comments/6yohwu/high_quality_gifs_are_like_short_modern_silent/",
                    "subreddit_type": "public",
                    "locked": false,
                    "hide_score": true,
                    "created": 1504832198.0,
                    "url": "https://www.reddit.com/r/Showerthoughts/comments/6yohwu/high_quality_gifs_are_like_short_modern_silent/",
                    "whitelist_status": "all_ads",
                    "quarantine": false,
                    "author": "Koovies",
                    "created_utc": 1504803398.0,
                    "subreddit_name_prefixed": "r/Showerthoughts",
                    "ups": 4,
                    "media": null,
                    "num_comments": 1,
                    "is_self": true,
                    "visited": false,
                    "num_reports": null,
                    "is_video": false,
                    "distinguished": null
                }
            },
            {
                "kind": "t3",
                "data": {
                    "domain": "self.Showerthoughts",
                    "approved_at_utc": null,
                    "banned_by": null,
                    "media_embed": {},
                    "thumbnail_width": null,
                    "subreddit": "Showerthoughts",
                    "selftext_html": null,
                    "selftext": "",
                    "likes": null,
                    "suggested_sort": null,
                    "user_reports": [],
                    "secure_media": null,
                    "link_flair_text": null,
                    "id": "6ymk6g",
                    "banned_at_utc": null,
                    "view_count": null,
                    "archived": false,
                    "clicked": false,
                    "report_reasons": null,
                    "title": "You can never come 1st place in a competition for \"the biggest loser\"",
                    "num_crossposts": 0,
                    "saved": false,
                    "mod_reports": [],
                    "can_mod_post": false,
                    "is_crosspostable": false,
                    "score": 12,
                    "approved_by": null,
                    "over_18": false,
                    "hidden": false,
                    "thumbnail": "self",
                    "subreddit_id": "t5_2szyo",
                    "edited": false,
                    "link_flair_css_class": null,
                    "author_flair_css_class": null,
                    "contest_mode": false,
                    "gilded": 0,
                    "downs": 0,
                    "brand_safe": true,
                    "secure_media_embed": {},
                    "removal_reason": null,
                    "author_flair_text": null,
                    "stickied": false,
                    "can_gild": false,
                    "thumbnail_height": null,
                    "parent_whitelist_status": "all_ads",
                    "name": "t3_6ymk6g",
                    "spoiler": false,
                    "permalink": "/r/Showerthoughts/comments/6ymk6g/you_can_never_come_1st_place_in_a_competition_for/",
                    "subreddit_type": "public",
                    "locked": false,
                    "hide_score": false,
                    "created": 1504812004.0,
                    "url": "https://www.reddit.com/r/Showerthoughts/comments/6ymk6g/you_can_never_come_1st_place_in_a_competition_for/",
                    "whitelist_status": "all_ads",
                    "quarantine": false,
                    "author": "jason-at-giflike",
                    "created_utc": 1504783204.0,
                    "subreddit_name_prefixed": "r/Showerthoughts",
                    "ups": 12,
                    "media": null,
                    "num_comments": 3,
                    "is_self": true,
                    "visited": false,
                    "num_reports": null,
                    "is_video": false,
                    "distinguished": null
                }
            }
        ],
        "after": "t3_6ymk6g",
        "before": null
    }
}